{
    "Timestamp": "2025-01-02 20:27:34",
    "Log Data": {
        "Model Metrics": {
            "Accuracy": 0.8918888888888888,
            "Precision": 0.8890062553797609,
            "Recall": 0.8918888888888888,
            "F1 Score": 0.8898767368675866,
            "AUC-ROC": 0.9258533156819622,
            "Matthews Correlation Coefficient": 0.6786268394480918,
            "Balanced Accuracy": 0.8269009032092756,
            "Jaccard Index": 0.8096440946204481,
            "Cohen's Kappa": 0.6772053213017948
        },
        "Cross Validation Scores": [
            0.8868055555555555,
            0.8944444444444445,
            0.88625,
            0.8894444444444445,
            0.8872222222222222
        ],
        "Data Drift Report": "{\"version\": \"0.5.1\", \"metrics\": [{\"metric\": \"DatasetDriftMetric\", \"result\": {\"drift_share\": 0.5, \"number_of_columns\": 13, \"number_of_drifted_columns\": 0, \"share_of_drifted_columns\": 0.0, \"dataset_drift\": false}}, {\"metric\": \"DataDriftTable\", \"result\": {\"number_of_columns\": 13, \"number_of_drifted_columns\": 0, \"share_of_drifted_columns\": 0.0, \"dataset_drift\": false, \"drift_by_columns\": {\"cb_person_cred_hist_length\": {\"column_name\": \"cb_person_cred_hist_length\", \"column_type\": \"num\", \"stattest_name\": \"Wasserstein distance (normed)\", \"stattest_threshold\": 0.1, \"drift_score\": 0.02503474894376217, \"drift_detected\": false, \"current\": {\"small_distribution\": {\"x\": [-0.9971719120687649, -0.27161047057042154, 0.4539509709279218, 1.179512412426265, 1.9050738539246086, 2.630635295422952, 3.356196736921295, 4.081758178419638, 4.8073196199179815, 5.532881061416325, 6.258442502914668], \"y\": [0.7134704754950083, 0.2702887721074672, 0.24685864058766976, 0.06309290317749375, 0.05666110236813758, 0.017304606939458254, 0.0024502098321356807, 0.003062762290169599, 0.002297071717627199, 0.0027564860611526422]}}, \"reference\": {\"small_distribution\": {\"x\": [-0.9971719120687649, -0.27161047057042154, 0.4539509709279218, 1.179512412426265, 1.9050738539246086, 2.630635295422952, 3.356196736921295, 4.081758178419638, 4.8073196199179815, 5.532881061416325, 6.258442502914668], \"y\": [0.7213953729208221, 0.27457663931370463, 0.2423410662096696, 0.06278662694847678, 0.05256465780503574, 0.014930966164576814, 0.0030627622901696007, 0.002756486061152639, 0.0019525109599831194, 0.0018759419027288816]}}}, \"credit_score\": {\"column_name\": \"credit_score\", \"column_type\": \"num\", \"stattest_name\": \"Wasserstein distance (normed)\", \"stattest_threshold\": 0.1, \"drift_score\": 0.012602873580406312, \"drift_detected\": false, \"current\": {\"small_distribution\": {\"x\": [-4.230822576788699, -3.5065525329432305, -2.7822824890977618, -2.0580124452522925, -1.3337424014068238, -0.609472357561355, 0.11479768628411424, 0.8390677301295826, 1.5633377739750518, 2.287607817820521, 3.01187786166599], \"y\": [0.002607989802891675, 0.010738781541318661, 0.03973349170287903, 0.09756950086112384, 0.1974401691953874, 0.33152152729699447, 0.40684640925110155, 0.25190113272636044, 0.04096078102188687, 0.0013807004838838279]}}, \"reference\": {\"small_distribution\": {\"x\": [-4.827748437100899, -3.9124621179555263, -2.9971757988101535, -2.08188947966478, -1.1666031605194074, -0.25131684137403454, 0.6639694777713387, 1.5792557969167111, 2.4945421160620844, 3.409828435207457, 4.325114754352829], \"y\": [0.0003034873044285708, 0.005037889253514276, 0.033535347139357054, 0.10840566514188549, 0.24752424549194235, 0.3961419784706133, 0.2736545024032424, 0.02752629851167136, 0.00033383603487142807, 9.104619132857128e-05]}}}, \"loan_amnt\": {\"column_name\": \"loan_amnt\", \"column_type\": \"num\", \"stattest_name\": \"Wasserstein distance (normed)\", \"stattest_threshold\": 0.1, \"drift_score\": 0.008266226706754013, \"drift_detected\": false, \"current\": {\"small_distribution\": {\"x\": [-1.4398602119539599, -0.8928841285249808, -0.3459080450960017, 0.20106803833297726, 0.7480441217619564, 1.2950202051909356, 1.8419962886199144, 2.388972372048894, 2.935948455477873, 3.482924538906852, 4.029900622335831], \"y\": [0.2929236342799364, 0.5289688929715356, 0.4064772484009381, 0.2271072282420033, 0.15255592881014712, 0.11091283239725752, 0.04204937052423494, 0.04773720808306867, 0.006703522837196878, 0.012797634507375857]}}, \"reference\": {\"small_distribution\": {\"x\": [-1.4398602119539599, -0.8928841285249808, -0.3459080450960017, 0.20106803833297726, 0.7480441217619564, 1.2950202051909356, 1.8419962886199144, 2.388972372048894, 2.935948455477873, 3.482924538906852, 4.029900622335831], \"y\": [0.2871342281932663, 0.5322698701262158, 0.41353626108556213, 0.21588390591609036, 0.1610876851483977, 0.10893224610444935, 0.038748393369554664, 0.05235857609962107, 0.007719208115560041, 0.010563126894976899]}}}, \"loan_int_rate\": {\"column_name\": \"loan_int_rate\", \"column_type\": \"num\", \"stattest_name\": \"Wasserstein distance (normed)\", \"stattest_threshold\": 0.1, \"drift_score\": 0.019570271926953035, \"drift_detected\": false, \"current\": {\"small_distribution\": {\"x\": [-1.8670380202281769, -1.379386195623548, -0.8917343710189193, -0.40408254641429053, 0.08356927819033833, 0.5712211027949672, 1.0588729273995958, 1.546524752004225, 2.0341765766088535, 2.5218284012134826, 3.0094802258181113], \"y\": [0.15425395420843507, 0.29871038990732407, 0.2050643408974765, 0.4960278557042291, 0.33015358884493706, 0.25382408417754315, 0.1736211419598633, 0.0943295968128392, 0.02939255552863828, 0.015265900933478807]}}, \"reference\": {\"small_distribution\": {\"x\": [-1.8670380202281769, -1.379386195623548, -0.8917343710189193, -0.40408254641429053, 0.08356927819033833, 0.5712211027949672, 1.0588729273995958, 1.546524752004225, 2.0341765766088535, 2.5218284012134826, 3.0094802258181113], \"y\": [0.16872238270509035, 0.3126091952348197, 0.1817667532788465, 0.5070215828690104, 0.3093053808536936, 0.2510898929655768, 0.17834901426388844, 0.09626631558798203, 0.02962040479630214, 0.01589248641955443]}}}, \"loan_intent\": {\"column_name\": \"loan_intent\", \"column_type\": \"num\", \"stattest_name\": \"Wasserstein distance (normed)\", \"stattest_threshold\": 0.1, \"drift_score\": 0.017420523270353566, \"drift_detected\": false, \"current\": {\"small_distribution\": {\"x\": [-1.4578599529460874, -1.16858927133502, -0.879318589723953, -0.5900479081128859, -0.3007772265018187, -0.011506544890751425, 0.27776413672031564, 0.5670348183313827, 0.85630549994245, 1.1455761815535173, 1.4348468631645845], \"y\": [0.5431283607315294, 0.0, 0.6806389357965137, 0.0, 0.3725845190308228, 0.0, 0.6645064102302308, 0.0, 0.5846119979019715, 0.6114995405124432]}}, \"reference\": {\"small_distribution\": {\"x\": [-1.4578599529460874, -1.16858927133502, -0.879318589723953, -0.5900479081128859, -0.3007772265018187, -0.011506544890751425, 0.27776413672031564, 0.5670348183313827, 0.85630549994245, 1.1455761815535173, 1.4348468631645845], \"y\": [0.5503303810736199, 0.0, 0.7087748285996144, 0.0, 0.36615071419188844, 0.0, 0.6547116625649875, 0.0, 0.5790424355040881, 0.5979597422693128]}}}, \"loan_percent_income\": {\"column_name\": \"loan_percent_income\", \"column_type\": \"num\", \"stattest_name\": \"Wasserstein distance (normed)\", \"stattest_threshold\": 0.1, \"drift_score\": 0.009048990767401203, \"drift_detected\": false, \"current\": {\"small_distribution\": {\"x\": [-1.6039559488304165, -0.8458317575982668, -0.0877075663661171, 0.6704166248660326, 1.4285408160981823, 2.186665007330332, 2.9447891985624817, 3.7029133897946314, 4.4610375810267815, 5.21916177225893, 5.97728596349108], \"y\": [0.2651280651964456, 0.47441655447257847, 0.277732273934364, 0.17250178702941762, 0.07709085809471, 0.034734854312635496, 0.012897329871358328, 0.002931211334399618, 0.0014656056671998117, 0.00014656056671998098]}}, \"reference\": {\"small_distribution\": {\"x\": [-1.6039559488304165, -0.8802919481088192, -0.15662794738722186, 